{
  "algorithm": "baseline",
  "episode": 250,
  "logits": [
    -2.3867568844231326,
    -1.792545469930971,
    -2.249050658338137,
    -0.8715022435820244,
    -1.3700031519659737,
    10.344095031245239,
    1.19828290240866,
    -0.10904451525063912
  ],
  "seed": 7
}