{
  "algorithm": "baseline",
  "episode": 100,
  "logits": [
    -2.354702275287409,
    -1.7748351797650672,
    -2.1996383020226955,
    -0.8695506791532824,
    -1.3240264621495008,
    9.053350729223046,
    1.2119286740137645,
    -0.10027090532578381
  ],
  "seed": 7
}