{
  "algorithm": "baseline",
  "episode": 150,
  "logits": [
    -2.354702275287409,
    -1.7748351797650672,
    -2.1996383020226955,
    -0.8695506791532824,
    -1.3240264621495008,
    9.670880773514481,
    1.1866168728785074,
    -0.10559155141890272
  ],
  "seed": 7
}