{
  "algorithm": "baseline",
  "episode": 300,
  "logits": [
    -2.3867568844231326,
    -1.792545469930971,
    -2.249050658338137,
    -0.8715022435820244,
    -1.3700031519659737,
    10.571804576364187,
    1.1934854778423782,
    -0.10904451525063912
  ],
  "seed": 7
}