{
  "algorithm": "baseline",
  "episode": 50,
  "logits": [
    -2.298271292280381,
    -1.7748351797650672,
    -2.1996383020226955,
    -0.8160816407927175,
    -1.272698398425664,
    7.755749213622209,
    1.25214769622948,
    -0.005282587127150585
  ],
  "seed": 7
}