{
  "algorithm": "baseline",
  "episode": 200,
  "logits": [
    -2.354702275287409,
    -1.792545469930971,
    -2.223192243602365,
    -0.8695506791532824,
    -1.3398808247338572,
    10.069175745705305,
    1.178675961210658,
    -0.10559155141890272
  ],
  "seed": 7
}