{
  "algorithm": "hgpo",
  "episode": 300,
  "logits": [
    -2.3332695206736234,
    -1.705075167139861,
    -1.9583100555434207,
    -0.7477479626875202,
    -1.2302074031567105,
    10.745638164739505,
    1.2584157687022428,
    0.10990785041232716
  ],
  "seed": 11
}