{
  "algorithm": "hgpo",
  "episode": 50,
  "logits": [
    -2.2761688849916695,
    -1.6560855103395238,
    -1.8652581067837983,
    -0.6931422535300796,
    -1.1632768692571613,
    8.198997082648848,
    1.3075472019986634,
    0.21793783012941648
  ],
  "seed": 11
}