{
  "algorithm": "hgpo",
  "episode": 100,
  "logits": [
    -2.3332695206736234,
    -1.705075167139861,
    -1.9111754083626749,
    -0.705896590475636,
    -1.1982818062663507,
    9.356768917707102,
    1.2961159752279752,
    0.1525400668451305
  ],
  "seed": 11
}