{
  "algorithm": "hgpo",
  "episode": 150,
  "logits": [
    -2.3332695206736234,
    -1.705075167139861,
    -1.9583100555434207,
    -0.7349741340179347,
    -1.214089624547755,
    9.89779915080641,
    1.2516481413297056,
    0.13899456694097534
  ],
  "seed": 11
}