{
  "algorithm": "hgpo",
  "episode": 250,
  "logits": [
    -2.3332695206736234,
    -1.705075167139861,
    -1.9583100555434207,
    -0.7349741340179347,
    -1.2302074031567105,
    10.527069439005166,
    1.2750869023626112,
    0.11673721662791803
  ],
  "seed": 11
}