{
  "algorithm": "hgpo",
  "episode": 200,
  "logits": [
    -2.3332695206736234,
    -1.705075167139861,
    -1.9583100555434207,
    -0.7349741340179347,
    -1.214089624547755,
    10.265350833361449,
    1.2851269485039893,
    0.11673721662791803
  ],
  "seed": 11
}